Timestamp,BATTERY_HEALTH_COLD,BATTERY_PROPERTY_CURRENT_NOW,EXTRA_LEVEL
1701263642732,-2147483648,-854980,18
1701263642842,-2147483648,-854980,18
1701263642946,-2147483648,-854980,18
1701263643052,-2147483648,-854980,18
1701263643159,-2147483648,-854980,18
1701263643262,-2147483648,-854980,18
1701263643374,-2147483648,-854980,18
1701263643479,-2147483648,-854980,18
1701263643582,-2147483648,-854980,18
1701263643688,-2147483648,-800780,18
1701263643791,-2147483648,-800780,18
1701263643897,-2147483648,-800780,18
1701263644001,-2147483648,-800780,18
1701263644105,-2147483648,-800780,18
1701263644217,-2147483648,-800780,18
1701263644320,-2147483648,-800780,18
1701263644424,-2147483648,-800780,18
1701263644529,-2147483648,-800780,18
1701263644633,-2147483648,-800780,18
1701263644736,-2147483648,-779784,18
1701263644841,-2147483648,-779784,18
1701263644944,-2147483648,-779784,18
1701263645051,-2147483648,-779784,18
1701263645155,-2147483648,-779784,18
1701263645259,-2147483648,-779784,18
1701263645362,-2147483648,-779784,18
1701263645466,-2147483648,-779784,18
1701263645571,-2147483648,-779784,18
1701263645675,-2147483648,-804198,18
1701263645779,-2147483648,-804198,18
1701263645882,-2147483648,-804198,18
1701263645986,-2147483648,-804198,18
1701263646096,-2147483648,-804198,18
1701263646200,-2147483648,-804198,18
1701263646305,-2147483648,-804198,18
1701263646409,-2147483648,-804198,18
1701263646525,-2147483648,-804198,18
1701263646630,-2147483648,-804198,18
1701263646734,-2147483648,-797362,18
1701263646837,-2147483648,-797362,18
1701263646941,-2147483648,-797362,18
1701263647045,-2147483648,-797362,18
1701263647150,-2147483648,-797362,18
1701263647254,-2147483648,-797362,18
1701263647357,-2147483648,-797362,18
1701263647461,-2147483648,-797362,18
1701263647565,-2147483648,-797362,18
1701263647671,-2147483648,-795409,18
1701263647775,-2147483648,-795409,18
1701263647880,-2147483648,-795409,18
1701263647983,-2147483648,-795409,18
1701263648088,-2147483648,-795409,18
1701263648193,-2147483648,-795409,18
1701263648297,-2147483648,-795409,18
1701263648400,-2147483648,-795409,18
1701263648504,-2147483648,-795409,18
1701263648609,-2147483648,-795409,18
1701263648714,-2147483648,-836913,18
1701263648817,-2147483648,-836913,18
1701263648922,-2147483648,-836913,18
1701263649025,-2147483648,-836913,18
1701263649130,-2147483648,-836913,18
1701263649239,-2147483648,-836913,18
1701263649343,-2147483648,-836913,18
1701263649446,-2147483648,-836913,18
1701263649552,-2147483648,-836913,18
1701263649655,-2147483648,-843261,18
1701263649761,-2147483648,-843261,18
1701263649865,-2147483648,-843261,18
1701263649971,-2147483648,-843261,18
1701263650076,-2147483648,-843261,18
1701263650180,-2147483648,-843261,18
1701263650283,-2147483648,-843261,18
1701263650387,-2147483648,-843261,18
1701263650492,-2147483648,-843261,18
1701263650595,-2147483648,-843261,18
1701263650699,-2147483648,-806151,18
1701263650808,-2147483648,-806151,18
1701263650914,-2147483648,-806151,18
1701263651018,-2147483648,-806151,18
1701263651124,-2147483648,-806151,18
1701263651227,-2147483648,-806151,18
1701263651335,-2147483648,-806151,18
1701263651439,-2147483648,-806151,18
1701263651542,-2147483648,-806151,18
1701263651646,-2147483648,-832519,18
1701263651752,-2147483648,-832519,18
1701263651856,-2147483648,-832519,18
1701263651960,-2147483648,-832519,18
1701263652064,-2147483648,-832519,18
1701263652171,-2147483648,-832519,18
1701263652274,-2147483648,-832519,18
1701263652378,-2147483648,-832519,18
1701263652481,-2147483648,-832519,18
1701263652585,-2147483648,-832519,18
1701263652691,-2147483648,-833495,18
1701263652796,-2147483648,-833495,18
1701263652900,-2147483648,-833495,18
1701263653003,-2147483648,-833495,18
1701263653106,-2147483648,-833495,18
1701263653217,-2147483648,-833495,18
1701263653324,-2147483648,-833495,18
1701263653427,-2147483648,-833495,18
1701263653533,-2147483648,-833495,18
1701263653636,-2147483648,-842284,18
1701263653741,-2147483648,-842284,18
1701263653845,-2147483648,-842284,18
1701263653949,-2147483648,-842284,18
1701263654055,-2147483648,-842284,18
1701263654159,-2147483648,-842284,18
1701263654263,-2147483648,-842284,18
1701263654366,-2147483648,-842284,18
1701263654474,-2147483648,-842284,18
1701263654577,-2147483648,-842284,18
1701263654681,-2147483648,-843749,18
1701263654784,-2147483648,-843749,18
1701263654889,-2147483648,-843749,18
1701263654993,-2147483648,-843749,18
1701263655097,-2147483648,-843749,18
1701263655202,-2147483648,-843749,18
1701263655305,-2147483648,-843749,18
1701263655410,-2147483648,-843749,18
1701263655514,-2147483648,-843749,18
1701263655618,-2147483648,-733886,18
1701263655721,-2147483648,-733886,18
1701263655825,-2147483648,-733886,18
1701263655932,-2147483648,-733886,18
1701263656036,-2147483648,-733886,18
1701263656141,-2147483648,-733886,18
1701263656245,-2147483648,-733886,18
1701263656348,-2147483648,-733886,18
1701263656453,-2147483648,-733886,18
1701263656557,-2147483648,-733886,18
1701263656661,-2147483648,-853515,18
1701263656765,-2147483648,-853515,18
1701263656870,-2147483648,-853515,18
1701263656974,-2147483648,-853515,18
1701263657080,-2147483648,-853515,18
1701263657183,-2147483648,-853515,18
1701263657288,-2147483648,-853515,18
1701263657398,-2147483648,-853515,18
1701263657501,-2147483648,-853515,18
1701263657605,-2147483648,-853515,18
1701263657710,-2147483648,-845214,18
1701263657815,-2147483648,-845214,18
1701263657919,-2147483648,-845214,18
1701263658022,-2147483648,-845214,18
1701263658128,-2147483648,-845214,18
1701263658232,-2147483648,-845214,18
1701263658336,-2147483648,-845214,18
1701263658440,-2147483648,-845214,18
1701263658544,-2147483648,-845214,18
1701263658647,-2147483648,-863769,18
1701263658757,-2147483648,-863769,18
1701263658864,-2147483648,-863769,18
1701263658969,-2147483648,-863769,18
1701263659074,-2147483648,-863769,18
1701263659177,-2147483648,-863769,18
1701263659281,-2147483648,-863769,18
1701263659384,-2147483648,-863769,18
1701263659490,-2147483648,-863769,18
1701263659593,-2147483648,-863769,18
1701263659698,-2147483648,-808593,18
1701263659801,-2147483648,-808593,18
1701263659905,-2147483648,-808593,18
1701263660016,-2147483648,-808593,18
1701263660120,-2147483648,-808593,18
1701263660224,-2147483648,-808593,18
1701263660328,-2147483648,-808593,18
1701263660434,-2147483648,-808593,18
1701263660537,-2147483648,-808593,18
1701263660641,-2147483648,-822753,18
1701263660745,-2147483648,-822753,18
1701263660850,-2147483648,-822753,18
1701263660953,-2147483648,-822753,18
1701263661057,-2147483648,-822753,18
1701263661161,-2147483648,-822753,18
1701263661264,-2147483648,-822753,18
1701263661370,-2147483648,-822753,18
1701263661474,-2147483648,-822753,18
1701263661578,-2147483648,-822753,18
1701263661681,-2147483648,-837401,18
1701263661786,-2147483648,-837401,18
1701263661892,-2147483648,-837401,18
1701263661996,-2147483648,-837401,18
1701263662100,-2147483648,-837401,18
1701263662208,-2147483648,-837401,18
1701263662312,-2147483648,-837401,18
1701263662416,-2147483648,-837401,18
1701263662521,-2147483648,-837401,18
1701263662624,-2147483648,-803710,18
1701263662736,-2147483648,-803710,18
1701263662841,-2147483648,-803710,18
1701263662944,-2147483648,-803710,18
1701263663048,-2147483648,-803710,18
1701263663153,-2147483648,-803710,18
1701263663257,-2147483648,-803710,18
1701263663361,-2147483648,-803710,18
1701263663464,-2147483648,-803710,18
1701263663570,-2147483648,-803710,18
1701263663674,-2147483648,-820312,18
1701263663778,-2147483648,-820312,18
1701263663882,-2147483648,-820312,18
1701263663986,-2147483648,-820312,18
1701263664092,-2147483648,-820312,18
1701263664197,-2147483648,-820312,18
1701263664300,-2147483648,-820312,18
1701263664404,-2147483648,-820312,18
1701263664507,-2147483648,-820312,18
1701263664613,-2147483648,-800780,18
1701263664716,-2147483648,-800780,18
1701263664820,-2147483648,-800780,18
1701263664923,-2147483648,-800780,18
1701263665027,-2147483648,-800780,18
1701263665132,-2147483648,-800780,18
1701263665236,-2147483648,-800780,18
1701263665340,-2147483648,-800780,18
1701263665443,-2147483648,-800780,18
1701263665546,-2147483648,-800780,18
1701263665651,-2147483648,-826171,18
1701263665755,-2147483648,-826171,18
1701263665858,-2147483648,-826171,18
1701263665962,-2147483648,-826171,18
1701263666065,-2147483648,-826171,18
1701263666172,-2147483648,-826171,18
1701263666275,-2147483648,-826171,18
1701263666380,-2147483648,-826171,18
1701263666484,-2147483648,-826171,18
1701263666587,-2147483648,-805663,18
1701263666691,-2147483648,-805663,18
1701263666795,-2147483648,-805663,18
1701263666898,-2147483648,-805663,18
1701263667002,-2147483648,-805663,18
1701263667105,-2147483648,-805663,18
1701263667209,-2147483648,-805663,18
1701263667316,-2147483648,-805663,18
1701263667420,-2147483648,-805663,18
1701263667523,-2147483648,-805663,18
1701263667626,-2147483648,-801757,18
1701263667734,-2147483648,-801757,18
1701263667837,-2147483648,-801757,18
1701263667941,-2147483648,-801757,18
1701263668045,-2147483648,-801757,18
1701263668150,-2147483648,-801757,18
1701263668254,-2147483648,-801757,18
1701263668359,-2147483648,-801757,18
1701263668462,-2147483648,-801757,18
1701263668566,-2147483648,-801757,18
1701263668672,-2147483648,-821288,18
1701263668776,-2147483648,-821288,18
1701263668879,-2147483648,-821288,18
1701263668983,-2147483648,-821288,18
1701263669086,-2147483648,-821288,18
1701263669192,-2147483648,-821288,18
1701263669295,-2147483648,-821288,18
1701263669400,-2147483648,-821288,18
1701263669503,-2147483648,-821288,18
1701263669606,-2147483648,-849608,18
1701263669715,-2147483648,-849608,18
1701263669819,-2147483648,-849608,18
1701263669923,-2147483648,-849608,18
1701263670026,-2147483648,-849608,18
1701263670131,-2147483648,-849608,18
1701263670234,-2147483648,-849608,18
1701263670338,-2147483648,-849608,18
1701263670441,-2147483648,-849608,18
1701263670545,-2147483648,-849608,18
1701263670649,-2147483648,-833007,18
1701263670754,-2147483648,-833007,18
1701263670858,-2147483648,-833007,18
1701263670962,-2147483648,-833007,18
1701263671065,-2147483648,-833007,18
1701263671170,-2147483648,-833007,18
1701263671274,-2147483648,-833007,18
1701263671378,-2147483648,-833007,18
1701263671485,-2147483648,-833007,18
1701263671590,-2147483648,-835448,18
1701263671696,-2147483648,-835448,18
1701263671799,-2147483648,-835448,18
1701263671903,-2147483648,-835448,18
1701263672006,-2147483648,-835448,18
1701263672111,-2147483648,-835448,18
1701263672215,-2147483648,-835448,18
1701263672320,-2147483648,-835448,18
1701263672424,-2147483648,-835448,18
1701263672529,-2147483648,-835448,18
1701263672633,-2147483648,-842284,18
1701263672736,-2147483648,-842284,18
1701263672841,-2147483648,-842284,18
1701263672944,-2147483648,-842284,18
1701263673050,-2147483648,-842284,18
1701263673154,-2147483648,-842284,18
1701263673258,-2147483648,-842284,18
1701263673361,-2147483648,-842284,18
1701263673465,-2147483648,-842284,18
1701263673571,-2147483648,-833007,18
1701263673675,-2147483648,-833007,18
1701263673778,-2147483648,-833007,18
1701263673881,-2147483648,-833007,18
1701263673985,-2147483648,-833007,18
1701263674089,-2147483648,-833007,18
1701263674194,-2147483648,-833007,18
1701263674297,-2147483648,-833007,18
1701263674401,-2147483648,-833007,18
1701263674504,-2147483648,-833007,18
1701263674611,-2147483648,-871581,18
1701263674714,-2147483648,-871581,18
1701263674820,-2147483648,-871581,18
1701263674924,-2147483648,-871581,18
1701263675028,-2147483648,-871581,18
1701263675132,-2147483648,-871581,18
1701263675237,-2147483648,-871581,18
1701263675340,-2147483648,-871581,18
1701263675446,-2147483648,-871581,18
1701263675550,-2147483648,-871581,18
1701263675656,-2147483648,-825194,18
1701263675765,-2147483648,-825194,18
1701263675868,-2147483648,-825194,18
1701263675979,-2147483648,-825194,18
1701263676086,-2147483648,-825194,18
1701263676189,-2147483648,-825194,18
1701263676295,-2147483648,-825194,18
1701263676398,-2147483648,-825194,18
1701263676503,-2147483648,-825194,18
1701263676606,-2147483648,-899413,18
1701263676712,-2147483648,-899413,18
1701263676816,-2147483648,-899413,18
1701263676920,-2147483648,-899413,18
1701263677023,-2147483648,-899413,18
1701263677127,-2147483648,-899413,18
1701263677231,-2147483648,-899413,18
1701263677335,-2147483648,-899413,18
1701263677438,-2147483648,-899413,18
1701263677541,-2147483648,-899413,18
1701263677645,-2147483648,-774413,18
1701263677748,-2147483648,-774413,18
1701263677856,-2147483648,-774413,18
1701263677959,-2147483648,-774413,18
1701263678062,-2147483648,-774413,18
1701263678166,-2147483648,-774413,18
1701263678272,-2147483648,-774413,18
1701263678376,-2147483648,-774413,18
1701263678480,-2147483648,-774413,18
1701263678583,-2147483648,-949706,18
1701263678690,-2147483648,-949706,18
1701263678793,-2147483648,-949706,18
1701263678899,-2147483648,-949706,18
1701263679002,-2147483648,-949706,18
1701263679107,-2147483648,-949706,18
1701263679212,-2147483648,-949706,18
1701263679316,-2147483648,-949706,18
1701263679420,-2147483648,-949706,18
1701263679525,-2147483648,-949706,18
1701263679631,-2147483648,-958983,18
1701263679734,-2147483648,-958983,18
1701263679837,-2147483648,-958983,18
1701263679945,-2147483648,-958983,18
1701263680052,-2147483648,-958983,18
1701263680155,-2147483648,-958983,18
1701263680261,-2147483648,-958983,18
1701263680364,-2147483648,-958983,18
1701263680467,-2147483648,-958983,18
1701263680572,-2147483648,-937499,18
1701263680676,-2147483648,-937499,18
1701263680779,-2147483648,-937499,18
1701263680888,-2147483648,-937499,18
1701263680993,-2147483648,-937499,18
1701263681097,-2147483648,-937499,18
1701263681200,-2147483648,-937499,18
1701263681307,-2147483648,-937499,18
1701263681413,-2147483648,-937499,18
1701263681517,-2147483648,-937499,18
1701263681621,-2147483648,-910644,18
1701263681724,-2147483648,-910644,18
1701263681827,-2147483648,-910644,18
1701263681933,-2147483648,-910644,18
1701263682036,-2147483648,-910644,18
1701263682140,-2147483648,-910644,18
1701263682243,-2147483648,-910644,18
1701263682348,-2147483648,-910644,18
1701263682451,-2147483648,-910644,18
1701263682556,-2147483648,-988769,18
1701263682659,-2147483648,-988769,18
1701263682763,-2147483648,-988769,18
1701263682865,-2147483648,-988769,18
1701263682970,-2147483648,-988769,18
1701263683074,-2147483648,-988769,18
1701263683177,-2147483648,-988769,18
1701263683281,-2147483648,-988769,18
1701263683384,-2147483648,-988769,18
1701263683496,-2147483648,-988769,18
1701263683600,-2147483648,-924804,18
1701263683703,-2147483648,-924804,18
1701263683806,-2147483648,-924804,18
1701263683909,-2147483648,-924804,18
1701263684013,-2147483648,-924804,18
1701263684117,-2147483648,-924804,18
1701263684220,-2147483648,-924804,18
1701263684324,-2147483648,-924804,18
1701263684427,-2147483648,-924804,18
1701263684532,-2147483648,-903319,18
1701263684635,-2147483648,-903319,18
1701263684738,-2147483648,-903319,18
1701263684842,-2147483648,-903319,18
1701263684944,-2147483648,-903319,18
1701263685050,-2147483648,-903319,18
1701263685153,-2147483648,-903319,18
1701263685257,-2147483648,-903319,18
1701263685359,-2147483648,-903319,18
1701263685462,-2147483648,-903319,18
1701263685566,-2147483648,-884276,18
1701263685669,-2147483648,-884276,18
1701263685774,-2147483648,-884276,18
1701263685876,-2147483648,-884276,18
1701263685980,-2147483648,-884276,18
1701263686083,-2147483648,-884276,18
1701263686186,-2147483648,-884276,18
1701263686291,-2147483648,-884276,18
1701263686395,-2147483648,-884276,18
1701263686499,-2147483648,-884276,18
1701263686601,-2147483648,-870605,18
1701263686704,-2147483648,-870605,18
1701263686807,-2147483648,-870605,18
1701263686910,-2147483648,-870605,18
1701263687014,-2147483648,-870605,18
1701263687117,-2147483648,-870605,18
1701263687220,-2147483648,-870605,18
1701263687323,-2147483648,-870605,18
1701263687425,-2147483648,-870605,18
1701263687530,-2147483648,-858397,18
1701263687633,-2147483648,-858397,18
1701263687737,-2147483648,-858397,18
1701263687841,-2147483648,-858397,18
1701263687944,-2147483648,-858397,18
1701263688046,-2147483648,-858397,18
1701263688153,-2147483648,-858397,18
1701263688257,-2147483648,-858397,18
1701263688360,-2147483648,-858397,18
1701263688463,-2147483648,-858397,18
1701263688566,-2147483648,-819335,18
1701263688670,-2147483648,-819335,18
1701263688774,-2147483648,-819335,18
1701263688878,-2147483648,-819335,18
1701263688981,-2147483648,-819335,18
1701263689084,-2147483648,-819335,18
1701263689187,-2147483648,-819335,18
1701263689296,-2147483648,-819335,18
1701263689399,-2147483648,-819335,18
1701263689501,-2147483648,-819335,18
1701263689604,-2147483648,-877440,18
1701263689707,-2147483648,-877440,18
1701263689812,-2147483648,-877440,18
1701263689915,-2147483648,-877440,18
1701263690018,-2147483648,-877440,18
1701263690121,-2147483648,-877440,18
1701263690224,-2147483648,-877440,18
1701263690327,-2147483648,-877440,18
1701263690431,-2147483648,-877440,18
1701263690535,-2147483648,-856933,18
1701263690638,-2147483648,-856933,18
1701263690741,-2147483648,-856933,18
1701263690844,-2147483648,-856933,18
1701263690946,-2147483648,-856933,18
1701263691051,-2147483648,-856933,18
1701263691155,-2147483648,-856933,18
1701263691258,-2147483648,-856933,18
1701263691361,-2147483648,-856933,18
1701263691463,-2147483648,-856933,18
1701263691566,-2147483648,-842773,18
1701263691669,-2147483648,-842773,18
1701263691773,-2147483648,-842773,18
1701263691875,-2147483648,-842773,18
1701263691978,-2147483648,-842773,18
1701263692082,-2147483648,-842773,18
1701263692184,-2147483648,-842773,18
1701263692289,-2147483648,-842773,18
1701263692392,-2147483648,-842773,18
1701263692495,-2147483648,-842773,18
1701263692598,-2147483648,-858886,18
1701263692701,-2147483648,-858886,18
1701263692804,-2147483648,-858886,18
1701263692907,-2147483648,-858886,18
1701263693012,-2147483648,-858886,18
1701263693115,-2147483648,-858886,18
1701263693217,-2147483648,-858886,18
1701263693321,-2147483648,-858886,18
1701263693424,-2147483648,-858886,18
1701263693527,-2147483648,-859374,18
1701263693632,-2147483648,-859374,18
1701263693735,-2147483648,-859374,18
1701263693838,-2147483648,-859374,18
1701263693940,-2147483648,-859374,18
1701263694046,-2147483648,-859374,18
1701263694148,-2147483648,-859374,18
1701263694253,-2147483648,-859374,18
1701263694356,-2147483648,-859374,18
1701263694459,-2147483648,-859374,18
1701263694562,-2147483648,-870605,18
1701263694664,-2147483648,-870605,18
1701263694774,-2147483648,-870605,18
1701263694879,-2147483648,-870605,18
1701263694981,-2147483648,-870605,18
1701263695084,-2147483648,-870605,18
1701263695187,-2147483648,-870605,18
1701263695292,-2147483648,-870605,18
1701263695396,-2147483648,-870605,18
1701263695499,-2147483648,-880370,18
1701263695603,-2147483648,-880370,18
1701263695705,-2147483648,-880370,18
1701263695811,-2147483648,-880370,18
1701263695914,-2147483648,-880370,18
1701263696017,-2147483648,-880370,18
1701263696120,-2147483648,-880370,18
1701263696223,-2147483648,-880370,18
1701263696327,-2147483648,-880370,18
1701263696431,-2147483648,-880370,18
1701263696535,-2147483648,-911620,18
1701263696638,-2147483648,-911620,18
1701263696741,-2147483648,-911620,18
1701263696844,-2147483648,-911620,18
1701263696946,-2147483648,-911620,18
1701263697052,-2147483648,-911620,18
1701263697154,-2147483648,-911620,18
1701263697258,-2147483648,-911620,18
1701263697361,-2147483648,-911620,18
1701263697464,-2147483648,-911620,18
1701263697567,-2147483648,-899901,18
1701263697671,-2147483648,-899901,18
1701263697775,-2147483648,-899901,18
1701263697878,-2147483648,-899901,18
1701263697981,-2147483648,-899901,18
1701263698084,-2147483648,-899901,18
1701263698187,-2147483648,-899901,18
1701263698292,-2147483648,-899901,18
1701263698395,-2147483648,-899901,18
1701263698499,-2147483648,-858397,18
1701263698601,-2147483648,-858397,18
1701263698704,-2147483648,-858397,18
1701263698807,-2147483648,-858397,18
1701263698911,-2147483648,-858397,18
1701263699015,-2147483648,-858397,18
1701263699118,-2147483648,-858397,18
1701263699222,-2147483648,-858397,18
1701263699325,-2147483648,-858397,18
1701263699427,-2147483648,-858397,18
1701263699532,-2147483648,-871581,18
1701263699635,-2147483648,-871581,18
1701263699739,-2147483648,-871581,18
1701263699841,-2147483648,-871581,18
1701263699944,-2147483648,-871581,18
1701263700047,-2147483648,-871581,18
1701263700154,-2147483648,-871581,18
1701263700257,-2147483648,-871581,18
1701263700359,-2147483648,-871581,18
1701263700462,-2147483648,-871581,18
1701263700565,-2147483648,-845214,18
1701263700669,-2147483648,-845214,18
1701263700773,-2147483648,-845214,18
1701263700876,-2147483648,-845214,18
1701263700979,-2147483648,-845214,18
1701263701082,-2147483648,-845214,18
1701263701186,-2147483648,-845214,18
1701263701289,-2147483648,-845214,18
1701263701393,-2147483648,-845214,18
1701263701495,-2147483648,-879882,18
1701263701598,-2147483648,-879882,18
1701263701702,-2147483648,-879882,18
1701263701804,-2147483648,-879882,18
1701263701907,-2147483648,-879882,18
1701263702011,-2147483648,-879882,18
1701263702114,-2147483648,-879882,18
1701263702218,-2147483648,-879882,18
1701263702320,-2147483648,-879882,18
1701263702424,-2147483648,-879882,18
1701263702527,-2147483648,-896483,18
1701263702631,-2147483648,-896483,18
1701263702735,-2147483648,-896483,18
1701263702837,-2147483648,-896483,18
1701263702941,-2147483648,-896483,18
1701263703043,-2147483648,-896483,18
1701263703146,-2147483648,-896483,18
1701263703250,-2147483648,-896483,18
1701263703353,-2147483648,-896483,18
1701263703456,-2147483648,-896483,18
1701263703560,-2147483648,-878905,18
1701263703663,-2147483648,-878905,18
1701263703766,-2147483648,-878905,18
1701263703868,-2147483648,-878905,18
1701263703973,-2147483648,-878905,18
1701263704076,-2147483648,-878905,18
1701263704180,-2147483648,-878905,18
1701263704282,-2147483648,-878905,18
1701263704385,-2147483648,-878905,18
1701263704488,-2147483648,-856933,18
1701263704592,-2147483648,-856933,18
1701263704696,-2147483648,-856933,18
1701263704799,-2147483648,-856933,18
1701263704903,-2147483648,-856933,18
1701263705005,-2147483648,-856933,18
1701263705108,-2147483648,-856933,18
1701263705212,-2147483648,-856933,18
1701263705315,-2147483648,-856933,18
1701263705419,-2147483648,-856933,18
1701263705522,-2147483648,-929198,18
1701263705625,-2147483648,-929198,18
1701263705731,-2147483648,-929198,18
1701263705835,-2147483648,-929198,18
1701263705938,-2147483648,-929198,18
1701263706041,-2147483648,-929198,18
1701263706145,-2147483648,-929198,18
1701263706247,-2147483648,-929198,18
1701263706356,-2147483648,-929198,18
1701263706459,-2147483648,-878905,18
1701263706562,-2147483648,-878905,18
1701263706664,-2147483648,-878905,18
1701263706770,-2147483648,-878905,18
1701263706873,-2147483648,-878905,18
1701263706976,-2147483648,-878905,18
1701263707080,-2147483648,-878905,18
1701263707182,-2147483648,-878905,18
1701263707285,-2147483648,-878905,18
1701263707387,-2147483648,-878905,18
1701263707493,-2147483648,-862792,18
1701263707595,-2147483648,-862792,18
1701263707699,-2147483648,-862792,18
1701263707801,-2147483648,-862792,18
1701263707904,-2147483648,-862792,18
1701263708008,-2147483648,-862792,18
1701263708112,-2147483648,-862792,18
1701263708216,-2147483648,-862792,18
1701263708319,-2147483648,-862792,18
1701263708422,-2147483648,-862792,18
1701263708526,-2147483648,-888183,18
1701263708628,-2147483648,-888183,18
1701263708733,-2147483648,-888183,18
1701263708836,-2147483648,-888183,18
1701263708940,-2147483648,-888183,18
1701263709042,-2147483648,-888183,18
1701263709145,-2147483648,-888183,18
1701263709249,-2147483648,-888183,18
1701263709353,-2147483648,-888183,18
1701263709457,-2147483648,-924804,18
1701263709560,-2147483648,-924804,18
1701263709663,-2147483648,-924804,18
1701263709766,-2147483648,-924804,18
1701263709869,-2147483648,-924804,18
1701263709973,-2147483648,-924804,18
1701263710076,-2147483648,-924804,18
1701263710181,-2147483648,-924804,18
1701263710283,-2147483648,-924804,18
1701263710386,-2147483648,-924804,18
1701263710490,-2147483648,-935058,18
1701263710593,-2147483648,-935058,18
1701263710696,-2147483648,-935058,18
1701263710799,-2147483648,-935058,18
1701263710903,-2147483648,-935058,18
1701263711005,-2147483648,-935058,18
1701263711108,-2147483648,-935058,18
1701263711212,-2147483648,-935058,18
1701263711315,-2147483648,-935058,18
1701263711419,-2147483648,-935058,18
1701263711522,-2147483648,-905761,18
1701263711625,-2147483648,-905761,18
1701263711728,-2147483648,-905761,18
1701263711833,-2147483648,-905761,18
1701263711936,-2147483648,-905761,18
1701263712039,-2147483648,-905761,18
1701263712143,-2147483648,-905761,18
1701263712246,-2147483648,-905761,18
1701263712349,-2147483648,-905761,18
1701263712452,-2147483648,-897460,18
1701263712555,-2147483648,-897460,18
1701263712658,-2147483648,-897460,18
1701263712763,-2147483648,-897460,18
1701263712866,-2147483648,-897460,18
1701263712969,-2147483648,-897460,18
1701263713074,-2147483648,-897460,18
1701263713176,-2147483648,-897460,18
1701263713279,-2147483648,-897460,18
1701263713383,-2147483648,-897460,18
1701263713486,-2147483648,-886230,18
1701263713589,-2147483648,-886230,18
1701263713692,-2147483648,-886230,18
1701263713796,-2147483648,-886230,18
1701263713899,-2147483648,-886230,18
1701263714001,-2147483648,-886230,18
1701263714105,-2147483648,-886230,18
1701263714208,-2147483648,-886230,18
1701263714310,-2147483648,-886230,18
1701263714414,-2147483648,-886230,18
1701263714517,-2147483648,-865233,18
1701263714620,-2147483648,-865233,18
1701263714723,-2147483648,-865233,18
1701263714825,-2147483648,-865233,18
1701263714929,-2147483648,-865233,18
1701263715032,-2147483648,-865233,18
1701263715136,-2147483648,-865233,18
1701263715247,-2147483648,-865233,18
1701263715349,-2147483648,-865233,18
1701263715453,-2147483648,-806151,18
1701263715556,-2147483648,-806151,18
1701263715658,-2147483648,-806151,18
1701263715763,-2147483648,-806151,18
1701263715865,-2147483648,-806151,18
1701263715967,-2147483648,-806151,18
1701263716071,-2147483648,-806151,18
1701263716174,-2147483648,-806151,18
1701263716278,-2147483648,-806151,18
1701263716380,-2147483648,-806151,18
1701263716484,-2147483648,-863280,18
1701263716586,-2147483648,-863280,18
1701263716690,-2147483648,-863280,18
1701263716794,-2147483648,-863280,18
1701263716896,-2147483648,-863280,18
1701263717000,-2147483648,-863280,18
1701263717103,-2147483648,-863280,18
1701263717206,-2147483648,-863280,18
1701263717309,-2147483648,-863280,18
1701263717412,-2147483648,-863280,18
1701263717516,-2147483648,-888671,18
1701263717619,-2147483648,-888671,18
1701263717722,-2147483648,-888671,18
1701263717825,-2147483648,-888671,18
1701263717927,-2147483648,-888671,18
1701263718033,-2147483648,-888671,18
1701263718136,-2147483648,-888671,18
1701263718239,-2147483648,-888671,18
1701263718342,-2147483648,-888671,18
1701263718445,-2147483648,-830565,18
1701263718548,-2147483648,-830565,18
1701263718651,-2147483648,-830565,18
1701263718755,-2147483648,-830565,18
1701263718857,-2147483648,-830565,18
1701263718960,-2147483648,-830565,18
1701263719063,-2147483648,-830565,18
1701263719166,-2147483648,-830565,18
1701263719269,-2147483648,-830565,18
1701263719373,-2147483648,-830565,18
1701263719476,-2147483648,-849120,18
1701263719579,-2147483648,-849120,18
1701263719681,-2147483648,-849120,18
1701263719785,-2147483648,-849120,18
1701263719887,-2147483648,-849120,18
1701263719990,-2147483648,-849120,18
1701263720094,-2147483648,-849120,18
1701263720197,-2147483648,-849120,18
1701263720300,-2147483648,-849120,18
1701263720403,-2147483648,-849120,18
1701263720506,-2147483648,-881835,18
1701263720609,-2147483648,-881835,18
1701263720713,-2147483648,-881835,18
1701263720817,-2147483648,-881835,18
1701263720919,-2147483648,-881835,18
1701263721022,-2147483648,-881835,18
1701263721125,-2147483648,-881835,18
1701263721227,-2147483648,-881835,18
1701263721339,-2147483648,-881835,18
1701263721443,-2147483648,-887206,18
1701263721546,-2147483648,-887206,18
1701263721650,-2147483648,-887206,18
1701263721753,-2147483648,-887206,18
1701263721856,-2147483648,-887206,18
1701263721959,-2147483648,-887206,18
1701263722062,-2147483648,-887206,18
1701263722165,-2147483648,-887206,18
1701263722267,-2147483648,-887206,18
1701263722371,-2147483648,-887206,18
1701263722475,-2147483648,-889159,18
1701263722578,-2147483648,-889159,18
1701263722681,-2147483648,-889159,18
1701263722784,-2147483648,-889159,18
1701263722887,-2147483648,-889159,18
1701263722990,-2147483648,-889159,18
1701263723094,-2147483648,-889159,18
1701263723198,-2147483648,-889159,18
1701263723301,-2147483648,-889159,18
1701263723405,-2147483648,-889159,18
1701263723507,-2147483648,-871581,18
1701263723612,-2147483648,-871581,18
1701263723715,-2147483648,-871581,18
1701263723818,-2147483648,-871581,18
1701263723921,-2147483648,-871581,18
1701263724024,-2147483648,-871581,18
1701263724127,-2147483648,-871581,18
1701263724230,-2147483648,-871581,18
1701263724334,-2147483648,-871581,18
1701263724438,-2147483648,-867187,18
1701263724541,-2147483648,-867187,18
1701263724644,-2147483648,-867187,18
1701263724746,-2147483648,-867187,18
1701263724851,-2147483648,-867187,18
1701263724954,-2147483648,-867187,18
1701263725057,-2147483648,-867187,18
1701263725161,-2147483648,-867187,18
1701263725263,-2147483648,-867187,18
1701263725366,-2147483648,-867187,18
1701263725469,-2147483648,-901366,18
1701263725571,-2147483648,-901366,18
1701263725676,-2147483648,-901366,18
1701263725778,-2147483648,-901366,18
1701263725883,-2147483648,-901366,18
1701263725985,-2147483648,-901366,18
1701263726088,-2147483648,-901366,18
1701263726192,-2147483648,-901366,18
1701263726295,-2147483648,-901366,18
1701263726398,-2147483648,-863280,18
1701263726501,-2147483648,-863280,18
1701263726604,-2147483648,-863280,18
1701263726707,-2147483648,-863280,18
1701263726810,-2147483648,-863280,18
1701263726915,-2147483648,-863280,18
1701263727018,-2147483648,-863280,18
1701263727122,-2147483648,-863280,18
1701263727224,-2147483648,-863280,18
1701263727327,-2147483648,-863280,18
1701263727430,-2147483648,-840331,18
1701263727534,-2147483648,-840331,18
1701263727638,-2147483648,-840331,18
1701263727740,-2147483648,-840331,18
1701263727843,-2147483648,-840331,18
1701263727946,-2147483648,-840331,18
1701263728048,-2147483648,-840331,18
1701263728153,-2147483648,-840331,18
1701263728256,-2147483648,-840331,18
1701263728359,-2147483648,-840331,18
1701263728462,-2147483648,-888183,18
1701263728564,-2147483648,-888183,18
1701263728668,-2147483648,-888183,18
1701263728775,-2147483648,-888183,18
1701263728879,-2147483648,-888183,18
1701263728981,-2147483648,-888183,18
1701263729085,-2147483648,-888183,18
1701263729187,-2147483648,-888183,18
1701263729291,-2147483648,-888183,18
1701263729394,-2147483648,-881835,18
1701263729496,-2147483648,-881835,18
1701263729601,-2147483648,-881835,18
1701263729703,-2147483648,-881835,18
1701263729806,-2147483648,-881835,18
1701263729909,-2147483648,-881835,18
1701263730019,-2147483648,-881835,18
1701263730122,-2147483648,-881835,18
1701263730224,-2147483648,-881835,18
1701263730327,-2147483648,-881835,18
1701263730429,-2147483648,-876464,18
1701263730532,-2147483648,-876464,18
1701263730635,-2147483648,-876464,18
1701263730738,-2147483648,-876464,18
1701263730841,-2147483648,-876464,18
1701263730944,-2147483648,-876464,18
1701263731046,-2147483648,-876464,18
1701263731150,-2147483648,-876464,18
1701263731253,-2147483648,-876464,18
1701263731356,-2147483648,-876464,18
1701263731459,-2147483648,-876952,18
1701263731563,-2147483648,-876952,18
1701263731665,-2147483648,-876952,18
1701263731768,-2147483648,-876952,18
1701263731872,-2147483648,-876952,18
1701263731975,-2147483648,-876952,18
1701263732079,-2147483648,-876952,18
1701263732181,-2147483648,-876952,18
1701263732284,-2147483648,-876952,18
1701263732387,-2147483648,-882323,18
1701263732490,-2147483648,-882323,18
1701263732595,-2147483648,-882323,18
1701263732697,-2147483648,-882323,18
1701263732801,-2147483648,-882323,18
1701263732903,-2147483648,-882323,18
1701263733006,-2147483648,-882323,18
1701263733109,-2147483648,-882323,18
1701263733212,-2147483648,-882323,18
1701263733315,-2147483648,-882323,18
1701263733418,-2147483648,-921874,18
1701263733521,-2147483648,-921874,18
1701263733625,-2147483648,-921874,18
1701263733727,-2147483648,-921874,18
1701263733830,-2147483648,-921874,18
1701263733934,-2147483648,-921874,18
1701263734036,-2147483648,-921874,18
1701263734140,-2147483648,-921874,18
1701263734242,-2147483648,-921874,18
1701263734345,-2147483648,-921874,18
1701263734447,-2147483648,-875976,18
1701263734550,-2147483648,-875976,18
1701263734654,-2147483648,-875976,18
1701263734757,-2147483648,-875976,18
1701263734859,-2147483648,-875976,18
1701263734963,-2147483648,-875976,18
1701263735066,-2147483648,-875976,18
1701263735170,-2147483648,-875976,18
1701263735273,-2147483648,-875976,18
1701263735377,-2147483648,-895019,18
1701263735479,-2147483648,-895019,18
1701263735582,-2147483648,-895019,18
1701263735686,-2147483648,-895019,18
1701263735788,-2147483648,-895019,18
1701263735892,-2147483648,-895019,18
1701263735995,-2147483648,-895019,18
1701263736098,-2147483648,-895019,18
1701263736201,-2147483648,-895019,18
1701263736304,-2147483648,-895019,18
1701263736407,-2147483648,-906249,18
1701263736509,-2147483648,-906249,18
1701263736612,-2147483648,-906249,18
1701263736717,-2147483648,-906249,18
1701263736819,-2147483648,-906249,18
1701263736922,-2147483648,-906249,18
1701263737025,-2147483648,-906249,18
1701263737127,-2147483648,-906249,18
1701263737233,-2147483648,-906249,18
1701263737336,-2147483648,-906249,18
1701263737441,-2147483648,-930175,18
1701263737543,-2147483648,-930175,18
1701263737647,-2147483648,-930175,18
1701263737750,-2147483648,-930175,18
1701263737853,-2147483648,-930175,18
1701263737956,-2147483648,-930175,18
1701263738060,-2147483648,-930175,18
1701263738163,-2147483648,-930175,18
1701263738265,-2147483648,-930175,18
1701263738368,-2147483648,-892577,18
1701263738472,-2147483648,-892577,18
1701263738580,-2147483648,-892577,18
1701263738682,-2147483648,-892577,18
1701263738784,-2147483648,-892577,18
1701263738887,-2147483648,-892577,18
1701263738990,-2147483648,-892577,18
1701263739092,-2147483648,-892577,18
1701263739196,-2147483648,-892577,18
1701263739299,-2147483648,-892577,18
1701263739403,-2147483648,-887694,18
1701263739505,-2147483648,-887694,18
1701263739608,-2147483648,-887694,18
1701263739711,-2147483648,-887694,18
1701263739814,-2147483648,-887694,18
1701263739918,-2147483648,-887694,18
1701263740020,-2147483648,-887694,18
1701263740124,-2147483648,-887694,18
1701263740226,-2147483648,-887694,18
1701263740330,-2147483648,-887694,18
1701263740434,-2147483648,-845214,18
1701263740536,-2147483648,-845214,18
1701263740639,-2147483648,-845214,18
1701263740742,-2147483648,-845214,18
1701263740844,-2147483648,-845214,18
1701263740948,-2147483648,-845214,18
1701263741051,-2147483648,-845214,18
1701263741154,-2147483648,-845214,18
1701263741257,-2147483648,-845214,18
1701263741359,-2147483648,-787597,18
1701263741462,-2147483648,-787597,18
1701263741564,-2147483648,-787597,18
1701263741667,-2147483648,-787597,18
1701263741771,-2147483648,-787597,18
1701263741874,-2147483648,-787597,18
1701263741977,-2147483648,-787597,18
1701263742080,-2147483648,-787597,18
1701263742183,-2147483648,-787597,18
1701263742286,-2147483648,-787597,18
1701263742389,-2147483648,-863280,18
1701263742493,-2147483648,-863280,18
1701263742595,-2147483648,-863280,18
1701263742698,-2147483648,-863280,18
1701263742801,-2147483648,-863280,18
1701263742904,-2147483648,-863280,18
1701263743007,-2147483648,-863280,18
1701263743110,-2147483648,-863280,18
1701263743213,-2147483648,-863280,18
1701263743316,-2147483648,-863280,18
1701263743419,-2147483648,-835448,18
1701263743522,-2147483648,-835448,18
1701263743624,-2147483648,-835448,18
1701263743727,-2147483648,-835448,18
1701263743830,-2147483648,-835448,18
1701263743933,-2147483648,-835448,18
1701263744037,-2147483648,-835448,18
1701263744139,-2147483648,-835448,18
1701263744242,-2147483648,-835448,18
1701263744345,-2147483648,-852050,18
1701263744447,-2147483648,-852050,18
1701263744550,-2147483648,-852050,18
1701263744654,-2147483648,-852050,18
1701263744756,-2147483648,-852050,18
1701263744860,-2147483648,-852050,18
1701263744963,-2147483648,-852050,18
1701263745065,-2147483648,-852050,18
1701263745168,-2147483648,-852050,18
1701263745270,-2147483648,-852050,18
1701263745374,-2147483648,-799315,18
1701263745477,-2147483648,-799315,18
1701263745579,-2147483648,-799315,18
1701263745682,-2147483648,-799315,18
1701263745785,-2147483648,-799315,18
1701263745887,-2147483648,-799315,18
1701263745990,-2147483648,-799315,18
1701263746093,-2147483648,-799315,18
1701263746196,-2147483648,-799315,18
1701263746299,-2147483648,-799315,18
1701263746402,-2147483648,-861815,18
1701263746504,-2147483648,-861815,18
1701263746607,-2147483648,-861815,18
1701263746710,-2147483648,-861815,18
1701263746813,-2147483648,-861815,18
1701263746915,-2147483648,-861815,18
1701263747018,-2147483648,-861815,18
1701263747121,-2147483648,-861815,18
1701263747224,-2147483648,-861815,18
1701263747327,-2147483648,-861815,18
1701263747429,-2147483648,-832030,18
1701263747533,-2147483648,-832030,18
1701263747636,-2147483648,-832030,18
1701263747738,-2147483648,-832030,18
1701263747841,-2147483648,-832030,18
1701263747944,-2147483648,-832030,18
1701263748047,-2147483648,-832030,18
1701263748149,-2147483648,-832030,18
1701263748252,-2147483648,-832030,18
1701263748355,-2147483648,-801269,18
1701263748458,-2147483648,-801269,18
1701263748561,-2147483648,-801269,18
1701263748663,-2147483648,-801269,18
1701263748766,-2147483648,-801269,18
1701263748869,-2147483648,-801269,18
1701263748972,-2147483648,-801269,18
1701263749079,-2147483648,-801269,18
1701263749182,-2147483648,-801269,18
1701263749284,-2147483648,-801269,18
1701263749387,-2147483648,-817870,18
1701263749490,-2147483648,-817870,18
1701263749595,-2147483648,-817870,18
1701263749698,-2147483648,-817870,18
1701263749801,-2147483648,-817870,18
1701263749903,-2147483648,-817870,18
1701263750006,-2147483648,-817870,18
1701263750109,-2147483648,-817870,18
1701263750212,-2147483648,-817870,18
1701263750315,-2147483648,-817870,18
1701263750417,-2147483648,-784667,18
1701263750521,-2147483648,-784667,18
1701263750624,-2147483648,-784667,18
1701263750726,-2147483648,-784667,18
1701263750828,-2147483648,-784667,18
1701263750932,-2147483648,-784667,18
1701263751035,-2147483648,-784667,18
1701263751139,-2147483648,-784667,18
1701263751241,-2147483648,-784667,18
1701263751344,-2147483648,-777343,18
1701263751447,-2147483648,-777343,18
1701263751549,-2147483648,-777343,18
1701263751653,-2147483648,-777343,18
1701263751755,-2147483648,-777343,18
1701263751858,-2147483648,-777343,18
1701263751961,-2147483648,-777343,18
1701263752063,-2147483648,-777343,18
1701263752165,-2147483648,-777343,18
1701263752268,-2147483648,-777343,18
1701263752371,-2147483648,-798827,18
1701263752475,-2147483648,-798827,18
1701263752578,-2147483648,-798827,18
1701263752680,-2147483648,-798827,18
1701263752783,-2147483648,-798827,18
1701263752886,-2147483648,-798827,18
1701263752989,-2147483648,-798827,18
1701263753092,-2147483648,-798827,18
1701263753195,-2147483648,-798827,18
1701263753298,-2147483648,-798827,18
1701263753400,-2147483648,-793944,18
1701263753503,-2147483648,-793944,18
1701263753606,-2147483648,-793944,18
1701263753708,-2147483648,-793944,18
1701263753812,-2147483648,-793944,18
1701263753914,-2147483648,-793944,18
1701263754017,-2147483648,-793944,18
1701263754120,-2147483648,-793944,18
1701263754222,-2147483648,-793944,18
1701263754325,-2147483648,-749023,18
1701263754427,-2147483648,-749023,18
1701263754530,-2147483648,-749023,18
1701263754634,-2147483648,-749023,18
1701263754737,-2147483648,-749023,18
1701263754840,-2147483648,-749023,18
1701263754942,-2147483648,-749023,18
1701263755045,-2147483648,-749023,18
1701263755147,-2147483648,-749023,18
1701263755250,-2147483648,-749023,18
1701263755353,-2147483648,-761718,18
1701263755456,-2147483648,-761718,18
1701263755559,-2147483648,-761718,18
1701263755661,-2147483648,-761718,18
1701263755764,-2147483648,-761718,18
1701263755866,-2147483648,-761718,18
1701263755970,-2147483648,-761718,18
1701263756073,-2147483648,-761718,18
1701263756175,-2147483648,-761718,18
1701263756279,-2147483648,-761718,18
1701263756381,-2147483648,-792480,18
1701263756485,-2147483648,-792480,18
1701263756587,-2147483648,-792480,18
1701263756691,-2147483648,-792480,18
1701263756798,-2147483648,-792480,18
1701263756901,-2147483648,-792480,18
1701263757003,-2147483648,-792480,18
1701263757105,-2147483648,-792480,18
1701263757208,-2147483648,-792480,18
1701263757311,-2147483648,-797362,18
1701263757413,-2147483648,-797362,18
1701263757517,-2147483648,-797362,18
1701263757619,-2147483648,-797362,18
1701263757721,-2147483648,-797362,18
1701263757824,-2147483648,-797362,18
1701263757926,-2147483648,-797362,18
1701263758029,-2147483648,-797362,18
1701263758132,-2147483648,-797362,18
1701263758235,-2147483648,-797362,18
1701263758338,-2147483648,-746093,18
1701263758441,-2147483648,-746093,18
1701263758543,-2147483648,-746093,18
1701263758646,-2147483648,-746093,18
1701263758748,-2147483648,-746093,18
1701263758853,-2147483648,-746093,18
1701263758955,-2147483648,-746093,18
1701263759059,-2147483648,-746093,18
1701263759162,-2147483648,-746093,18
1701263759264,-2147483648,-746093,18
1701263759367,-2147483648,-779296,18
1701263759470,-2147483648,-779296,18
1701263759572,-2147483648,-779296,18
1701263759676,-2147483648,-779296,18
1701263759778,-2147483648,-779296,18
1701263759881,-2147483648,-779296,18
1701263759984,-2147483648,-779296,18
1701263760086,-2147483648,-779296,18
1701263760188,-2147483648,-779296,18
1701263760292,-2147483648,-779296,18
1701263760396,-2147483648,-720702,18
1701263760499,-2147483648,-720702,18
1701263760602,-2147483648,-720702,18
1701263760704,-2147483648,-720702,18
1701263760807,-2147483648,-720702,18
1701263760909,-2147483648,-720702,18
1701263761012,-2147483648,-720702,18
1701263761115,-2147483648,-720702,18
1701263761219,-2147483648,-720702,18
1701263761321,-2147483648,-759765,18
1701263761424,-2147483648,-759765,18
1701263761527,-2147483648,-759765,18
1701263761629,-2147483648,-759765,18
1701263761733,-2147483648,-759765,18
1701263761835,-2147483648,-759765,18
1701263761938,-2147483648,-759765,18
1701263762041,-2147483648,-759765,18
1701263762144,-2147483648,-759765,18
1701263762246,-2147483648,-759765,18
1701263762349,-2147483648,-778808,18
1701263762452,-2147483648,-778808,18
1701263762555,-2147483648,-778808,18
1701263762658,-2147483648,-778808,18
1701263762760,-2147483648,-778808,18
1701263762863,-2147483648,-778808,18
1701263762966,-2147483648,-778808,18
1701263763069,-2147483648,-778808,18
1701263763173,-2147483648,-778808,18
1701263763276,-2147483648,-778808,18
1701263763379,-2147483648,-802245,18
1701263763481,-2147483648,-802245,18
1701263763584,-2147483648,-802245,18
1701263763687,-2147483648,-802245,18
1701263763789,-2147483648,-802245,18
1701263763893,-2147483648,-802245,18
1701263763996,-2147483648,-802245,18
1701263764100,-2147483648,-802245,18
1701263764202,-2147483648,-802245,18
1701263764305,-2147483648,-818358,18
1701263764407,-2147483648,-818358,18
1701263764509,-2147483648,-818358,18
1701263764612,-2147483648,-818358,18
1701263764715,-2147483648,-818358,18
1701263764818,-2147483648,-818358,18
1701263764922,-2147483648,-818358,18
1701263765024,-2147483648,-818358,18
1701263765126,-2147483648,-818358,18
1701263765229,-2147483648,-818358,18
1701263765332,-2147483648,-818358,17
1701263765436,-2147483648,-818358,17
1701263765543,-2147483648,-818358,17
1701263765646,-2147483648,-818358,17
1701263765748,-2147483648,-818358,17
1701263765851,-2147483648,-818358,17
1701263765955,-2147483648,-818358,17
1701263766057,-2147483648,-818358,17
1701263766160,-2147483648,-818358,17
1701263766263,-2147483648,-818358,17
1701263766365,-2147483648,-815917,17
1701263766468,-2147483648,-815917,17
1701263766576,-2147483648,-815917,17
1701263766679,-2147483648,-815917,17
1701263766781,-2147483648,-815917,17
1701263766884,-2147483648,-815917,17
1701263766986,-2147483648,-815917,17
1701263767089,-2147483648,-815917,17
1701263767193,-2147483648,-815917,17
1701263767295,-2147483648,-828124,17
1701263767398,-2147483648,-828124,17
1701263767501,-2147483648,-828124,17
1701263767603,-2147483648,-828124,17
1701263767706,-2147483648,-828124,17
1701263767808,-2147483648,-828124,17
1701263767911,-2147483648,-828124,17
1701263768014,-2147483648,-828124,17
1701263768116,-2147483648,-828124,17
1701263768220,-2147483648,-828124,17
1701263768322,-2147483648,-812011,17
1701263768424,-2147483648,-812011,17
1701263768528,-2147483648,-812011,17
1701263768630,-2147483648,-812011,17
1701263768733,-2147483648,-812011,17
1701263768836,-2147483648,-812011,17
1701263768939,-2147483648,-812011,17
1701263769042,-2147483648,-812011,17
1701263769144,-2147483648,-812011,17
1701263769247,-2147483648,-812011,17
1701263769350,-2147483648,-821288,17
1701263769452,-2147483648,-821288,17
1701263769555,-2147483648,-821288,17
1701263769658,-2147483648,-821288,17
1701263769762,-2147483648,-821288,17
1701263769864,-2147483648,-821288,17
1701263769967,-2147483648,-821288,17
1701263770069,-2147483648,-821288,17
1701263770173,-2147483648,-821288,17
1701263770275,-2147483648,-796386,17
1701263770381,-2147483648,-796386,17
1701263770483,-2147483648,-796386,17
1701263770586,-2147483648,-796386,17
1701263770688,-2147483648,-796386,17
1701263770791,-2147483648,-796386,17
1701263770894,-2147483648,-796386,17
1701263770996,-2147483648,-796386,17
1701263771099,-2147483648,-796386,17
1701263771202,-2147483648,-796386,17
1701263771304,-2147483648,-793456,17
1701263771407,-2147483648,-793456,17
1701263771509,-2147483648,-793456,17
1701263771622,-2147483648,-793456,17
1701263771724,-2147483648,-793456,17
1701263771827,-2147483648,-793456,17
1701263771930,-2147483648,-793456,17
1701263772035,-2147483648,-793456,17
1701263772138,-2147483648,-793456,17
1701263772240,-2147483648,-793456,17
1701263772343,-2147483648,-778808,17
1701263772445,-2147483648,-778808,17
1701263772547,-2147483648,-778808,17
1701263772650,-2147483648,-778808,17
1701263772754,-2147483648,-778808,17
1701263772859,-2147483648,-778808,17
1701263772961,-2147483648,-778808,17
1701263773064,-2147483648,-778808,17
1701263773166,-2147483648,-778808,17
1701263773268,-2147483648,-829101,17
1701263773374,-2147483648,-829101,17
1701263773476,-2147483648,-829101,17
1701263773580,-2147483648,-829101,17
1701263773682,-2147483648,-829101,17
1701263773784,-2147483648,-829101,17
1701263773889,-2147483648,-829101,17
1701263773992,-2147483648,-829101,17
1701263774094,-2147483648,-829101,17
1701263774198,-2147483648,-829101,17
1701263774300,-2147483648,-890136,17
1701263774403,-2147483648,-890136,17
1701263774506,-2147483648,-890136,17
1701263774608,-2147483648,-890136,17
1701263774712,-2147483648,-890136,17
1701263774814,-2147483648,-890136,17
1701263774918,-2147483648,-890136,17
1701263775020,-2147483648,-890136,17
1701263775122,-2147483648,-890136,17
1701263775225,-2147483648,-890136,17
1701263775328,-2147483648,-812987,17
1701263775430,-2147483648,-812987,17
1701263775534,-2147483648,-812987,17
1701263775636,-2147483648,-812987,17
1701263775740,-2147483648,-812987,17
1701263775844,-2147483648,-812987,17
1701263775946,-2147483648,-812987,17
1701263776049,-2147483648,-812987,17
1701263776152,-2147483648,-812987,17
1701263776256,-2147483648,-798827,17
1701263776358,-2147483648,-798827,17
1701263776461,-2147483648,-798827,17
1701263776564,-2147483648,-798827,17
1701263776666,-2147483648,-798827,17
1701263776769,-2147483648,-798827,17
1701263776871,-2147483648,-798827,17
1701263776974,-2147483648,-798827,17
1701263777087,-2147483648,-798827,17
1701263777189,-2147483648,-798827,17
1701263777292,-2147483648,-623046,17
1701263777395,-2147483648,-623046,17
1701263777497,-2147483648,-623046,17
1701263777599,-2147483648,-623046,17
1701263777701,-2147483648,-623046,17
1701263777803,-2147483648,-623046,17
1701263777905,-2147483648,-623046,17
1701263778008,-2147483648,-623046,17
1701263778110,-2147483648,-623046,17
1701263778212,-2147483648,-623046,17
1701263778315,-2147483648,-416991,17
1701263778417,-2147483648,-416991,17
1701263778519,-2147483648,-416991,17
1701263778621,-2147483648,-416991,17
1701263778723,-2147483648,-416991,17
1701263778825,-2147483648,-416991,17
1701263778927,-2147483648,-416991,17
1701263779029,-2147483648,-416991,17
1701263779132,-2147483648,-416991,17
1701263779235,-2147483648,-416991,17
1701263779337,-2147483648,-437499,17
1701263779439,-2147483648,-437499,17
1701263779541,-2147483648,-437499,17
1701263779645,-2147483648,-437499,17
1701263779748,-2147483648,-437499,17
1701263779850,-2147483648,-437499,17
1701263779953,-2147483648,-437499,17
1701263780055,-2147483648,-437499,17
1701263780157,-2147483648,-437499,17
1701263780259,-2147483648,-385741,17
1701263780361,-2147483648,-385741,17
1701263780463,-2147483648,-385741,17
1701263780565,-2147483648,-385741,17
1701263780667,-2147483648,-385741,17
1701263780770,-2147483648,-385741,17
1701263780872,-2147483648,-385741,17
1701263780974,-2147483648,-385741,17
1701263781076,-2147483648,-385741,17
1701263781179,-2147483648,-385741,17
1701263781281,-2147483648,-399902,17
1701263781383,-2147483648,-399902,17
1701263781485,-2147483648,-399902,17
1701263781586,-2147483648,-399902,17
1701263781688,-2147483648,-399902,17
1701263781790,-2147483648,-399902,17
1701263781893,-2147483648,-399902,17
1701263781995,-2147483648,-399902,17
1701263782097,-2147483648,-399902,17
1701263782199,-2147483648,-399902,17
1701263782301,-2147483648,-433105,17
1701263782403,-2147483648,-433105,17
1701263782506,-2147483648,-433105,17
1701263782608,-2147483648,-433105,17
1701263782710,-2147483648,-433105,17
1701263782812,-2147483648,-433105,17
1701263782915,-2147483648,-433105,17
1701263783017,-2147483648,-433105,17
1701263783119,-2147483648,-433105,17
1701263783221,-2147483648,-433105,17
1701263783323,-2147483648,-409667,17
1701263783425,-2147483648,-409667,17
1701263783527,-2147483648,-409667,17
1701263783629,-2147483648,-409667,17
1701263783731,-2147483648,-409667,17
1701263783834,-2147483648,-409667,17
1701263783936,-2147483648,-409667,17
1701263784038,-2147483648,-409667,17
1701263784140,-2147483648,-409667,17
1701263784243,-2147483648,-389648,17
1701263784344,-2147483648,-389648,17
1701263784446,-2147483648,-389648,17
1701263784548,-2147483648,-389648,17
1701263784652,-2147483648,-389648,17
1701263784756,-2147483648,-389648,17
1701263784858,-2147483648,-389648,17
1701263784960,-2147483648,-389648,17
1701263785062,-2147483648,-389648,17
1701263785164,-2147483648,-389648,17
1701263785267,-2147483648,-434570,17
1701263785369,-2147483648,-434570,17
1701263785471,-2147483648,-434570,17
1701263785574,-2147483648,-434570,17
1701263785676,-2147483648,-434570,17
1701263785778,-2147483648,-434570,17
1701263785880,-2147483648,-434570,17
1701263785982,-2147483648,-434570,17
1701263786084,-2147483648,-434570,17
1701263786186,-2147483648,-434570,17
1701263786288,-2147483648,-410156,17
1701263786391,-2147483648,-410156,17
1701263786493,-2147483648,-410156,17
1701263786595,-2147483648,-410156,17
1701263786697,-2147483648,-410156,17
1701263786799,-2147483648,-410156,17
1701263786902,-2147483648,-410156,17
1701263787004,-2147483648,-410156,17
1701263787105,-2147483648,-410156,17
1701263787208,-2147483648,-410156,17
1701263787310,-2147483648,-401855,17
1701263787412,-2147483648,-401855,17
1701263787515,-2147483648,-401855,17
1701263787617,-2147483648,-401855,17
1701263787719,-2147483648,-401855,17
1701263787821,-2147483648,-401855,17
1701263787923,-2147483648,-401855,17
1701263788025,-2147483648,-401855,17
1701263788127,-2147483648,-401855,17
1701263788229,-2147483648,-405761,17
1701263788332,-2147483648,-405761,17
1701263788435,-2147483648,-405761,17
1701263788537,-2147483648,-405761,17
1701263788639,-2147483648,-405761,17
1701263788741,-2147483648,-405761,17
1701263788843,-2147483648,-405761,17
1701263788945,-2147483648,-405761,17
1701263789047,-2147483648,-405761,17
1701263789149,-2147483648,-405761,17
1701263789251,-2147483648,-418945,17
1701263789358,-2147483648,-418945,17
1701263789460,-2147483648,-418945,17
1701263789562,-2147483648,-418945,17
1701263789664,-2147483648,-418945,17
1701263789766,-2147483648,-418945,17
1701263789868,-2147483648,-418945,17
1701263789971,-2147483648,-418945,17
1701263790074,-2147483648,-418945,17
1701263790176,-2147483648,-418945,17
1701263790279,-2147483648,-406249,17
1701263790381,-2147483648,-406249,17
1701263790483,-2147483648,-406249,17
1701263790585,-2147483648,-406249,17
1701263790687,-2147483648,-406249,17
1701263790789,-2147483648,-406249,17
1701263790892,-2147483648,-406249,17
1701263790994,-2147483648,-406249,17
1701263791097,-2147483648,-406249,17
1701263791199,-2147483648,-406249,17
1701263791301,-2147483648,-402831,17
1701263791403,-2147483648,-402831,17
1701263791505,-2147483648,-402831,17
1701263791607,-2147483648,-402831,17
1701263791709,-2147483648,-402831,17
1701263791811,-2147483648,-402831,17
1701263791914,-2147483648,-402831,17
1701263792017,-2147483648,-402831,17
1701263792131,-2147483648,-402831,17
1701263792234,-2147483648,-413574,17
1701263792336,-2147483648,-413574,17
1701263792439,-2147483648,-413574,17
1701263792544,-2147483648,-413574,17
1701263792647,-2147483648,-413574,17
1701263792749,-2147483648,-413574,17
1701263792851,-2147483648,-413574,17
1701263792954,-2147483648,-413574,17
1701263793056,-2147483648,-413574,17
1701263793158,-2147483648,-413574,17
1701263793260,-2147483648,122070,17
1701263793361,-2147483648,122070,17
1701263793463,-2147483648,122070,17
1701263793565,-2147483648,122070,17
1701263793666,-2147483648,122070,17
1701263793768,-2147483648,122070,17
1701263793870,-2147483648,122070,17
1701263793971,-2147483648,122070,17
1701263794073,-2147483648,122070,17
1701263794175,-2147483648,122070,17
1701263794276,-2147483648,288085,17
1701263794378,-2147483648,288085,17
1701263794479,-2147483648,288085,17
1701263794581,-2147483648,288085,17
1701263794682,-2147483648,288085,17
1701263794784,-2147483648,288085,17
1701263794885,-2147483648,288085,17
1701263794987,-2147483648,288085,17
1701263795088,-2147483648,288085,17
1701263795190,-2147483648,288085,17
1701263795292,-2147483648,280273,17
1701263795393,-2147483648,280273,17
1701263795495,-2147483648,280273,17
1701263795597,-2147483648,280273,17
1701263795699,-2147483648,280273,18
1701263795801,-2147483648,280273,18
1701263795903,-2147483648,280273,18
1701263796005,-2147483648,280273,18
1701263796107,-2147483648,280273,18
1701263796208,-2147483648,318359,18
1701263796310,-2147483648,318359,18
1701263796412,-2147483648,318359,18
1701263796513,-2147483648,318359,18
